Spacecraft,Condition,SV1,SV2,SV3,SV4,BP1,BP2,BP3,BP4,BP5,BP6,BP7,BV1,P1_time_mean,P1_time_median,P1_time_p25,P1_time_p75,P1_time_variance,P1_time_line_integral,P1_time_min,P1_time_max,P1_freq_peak_value,P1_freq_peak_freq,P1_freq_sum_power_spectrum,P1_freq_std_power_spectrum,P1_freq_rms_freq,P2_time_mean,P2_time_median,P2_time_p25,P2_time_p75,P2_time_variance,P2_time_line_integral,P2_time_min,P2_time_max,P2_freq_peak_value,P2_freq_peak_freq,P2_freq_sum_power_spectrum,P2_freq_std_power_spectrum,P2_freq_rms_freq,P3_time_mean,P3_time_median,P3_time_p25,P3_time_p75,P3_time_variance,P3_time_line_integral,P3_time_min,P3_time_max,P3_freq_peak_value,P3_freq_peak_freq,P3_freq_sum_power_spectrum,P3_freq_std_power_spectrum,P3_freq_rms_freq,P4_time_mean,P4_time_median,P4_time_p25,P4_time_p75,P4_time_variance,P4_time_line_integral,P4_time_min,P4_time_max,P4_freq_peak_value,P4_freq_peak_freq,P4_freq_sum_power_spectrum,P4_freq_std_power_spectrum,P4_freq_rms_freq,P5_time_mean,P5_time_median,P5_time_p25,P5_time_p75,P5_time_variance,P5_time_line_integral,P5_time_min,P5_time_max,P5_freq_peak_value,P5_freq_peak_freq,P5_freq_sum_power_spectrum,P5_freq_std_power_spectrum,P5_freq_rms_freq,P6_time_mean,P6_time_median,P6_time_p25,P6_time_p75,P6_time_variance,P6_time_line_integral,P6_time_min,P6_time_max,P6_freq_peak_value,P6_freq_peak_freq,P6_freq_sum_power_spectrum,P6_freq_std_power_spectrum,P6_freq_rms_freq,P7_time_mean,P7_time_median,P7_time_p25,P7_time_p75,P7_time_variance,P7_time_line_integral,P7_time_min,P7_time_max,P7_freq_peak_value,P7_freq_peak_freq,P7_freq_sum_power_spectrum,P7_freq_std_power_spectrum,P7_freq_rms_freq,Case,fault_location
1,Fault,0,100,100,100,No,No,No,No,No,No,No,No,1.9911545036057805,1.9624120217939889,1.9290114259038935,2.0623366638667684,0.06361422862072502,2389.358977382063,0.6714319044870521,3.698226706892572,7825.968237226811,64.94587843463779,45878.6134883812,479.75656341255944,8.744389962368368,1.9882167879809838,1.9403947478096408,1.8938171629897445,2.0925386427704655,0.1334963840167743,2385.8184305139334,0.4014466238964065,4.010017227610634,19060.948423759084,64.94587843463779,96277.65890108966,1152.24487929759,12.667389819341214,1.9904003036967277,1.9544309419209105,1.880900396773236,2.096891693276026,0.1932296119663782,2388.4413001615117,-0.0031124142525987,4.5832349448413545,22401.023273151954,64.94587843463779,139357.2927649579,1353.992994372182,15.240149428672384,1.9769150395124047,1.9564256092339256,1.8648204692289465,2.1268698977449123,0.2342450425925377,2372.254625954637,0.0029327826605131,5.31664159126222,26506.43456212251,64.94587843463779,168937.64184025952,1517.1004413758185,16.779831238735166,1.9841026439378138,1.9316058658882211,1.8761849311475691,2.102535053079548,0.1660004328158586,2380.8725730915726,0.1090374241256897,4.63977596440105,22051.67781853347,64.94587843463779,119719.59514701362,1341.310721352662,14.125602945657082,1.9729277181147746,1.923728503502428,1.8405015430938207,2.126521881931545,0.24786108044614838,2367.446447555581,0.0018672971006134,4.991621622563951,30464.53369784067,64.94587843463779,178757.53514830247,1854.5748490111669,17.260626444227647,1.9756965946262717,1.9274412216671024,1.8344760363909176,2.132567908904823,0.2610366964304944,2370.770727276207,-0.0008923842955568,5.024811258578874,30854.698537012024,64.94587843463779,188259.7959840208,1955.333378849405,17.713450444225558,106,1
1,Fault,25,100,100,100,No,No,No,No,No,No,No,No,1.9848155246559815,1.9583155809749224,1.8931177846379696,2.062749222476081,0.09520921592188197,2381.7405801003497,0.3499582988981703,4.134665655127091,10964.480139337616,64.94587843463779,68664.93412746924,663.3416487306927,10.697736063257281,1.9751151676528031,1.932591367137296,1.8432291280990245,2.1049904450757726,0.20453979044851914,2370.074571679252,0.0007794677474122,4.692920494216953,25003.158965746967,64.94587843463779,147514.19914136725,1569.433318833756,15.679827759543324,1.9772053238750549,1.9263584930123008,1.822499081354016,2.109923164070818,0.24959029601446192,2372.5784948760274,0.0097388180006412,4.677979588993618,30843.048409672465,64.94587843463779,180004.64628077793,1862.3368171145462,17.320731618534378,1.9717191578067546,1.9167819801778536,1.809286587801064,2.1218558120416695,0.30215854565288613,2365.992461664814,-0.0078455280146072,5.372401143455003,32800.092821046645,64.94587843463779,217916.89420413435,2087.4230720207693,19.0576709928983,1.978310776822243,1.9253839532558017,1.841302030871232,2.1140598331356486,0.22560401159278623,2373.9073130730285,0.0056131076830216,5.196924830424644,31034.088966681236,64.94587843463779,162705.7259627232,1816.144093144348,16.467428759155815,1.9675688517832663,1.908301253503308,1.810389596338427,2.1371983006122868,0.32693391195066107,2360.99375351465,-0.0029952159151954,5.166050197102906,40902.2672792222,64.94587843463779,235784.90076577276,2477.2677761164728,19.82359287842699,1.971981781369237,1.9012137098707145,1.800687292952768,2.1384377996272192,0.32709228906656124,2366.290453120416,-0.0021963864754499,5.134264239871063,45735.93022828038,64.94587843463779,235899.12242094852,2577.0315629426054,19.82839388440007,107,1
1,Fault,50,100,100,100,No,No,No,No,No,No,No,No,1.984858736689929,1.9583110248989728,1.89341956146674,2.0628955514570455,0.0951100608962615,2381.7918211888,0.3955074483918881,4.218633750398368,11055.424309041953,64.94587843463779,68593.42347341427,664.4585626816563,10.692164067937343,1.9810550636129551,1.9295841150814008,1.8434331922473448,2.103779102517275,0.1926458111731404,2377.2064902628986,0.0032002139436604,4.642163525467546,27598.480076992073,64.94587843463779,138936.25534097443,1564.8364973264634,15.217109632525183,1.9748262322783143,1.9247718956113768,1.822051707636596,2.108293053902884,0.2499623988601885,2369.7192057185534,0.0165783972794028,4.559451560974148,31738.77489633623,64.94587843463779,180273.0070391674,1892.6160824113733,17.333638156254032,1.9752494757661305,1.9158185593283488,1.809455638174764,2.121093343026436,0.2938213817861422,2370.228897474386,0.0438661333254437,5.467446647722933,34547.20178953441,64.94587843463779,211904.12745485667,2088.530700245391,18.792912114893063,1.9780661779614281,1.9284929952707908,1.8402107723916377,2.1110680050720614,0.22430702830742869,2373.6138431834343,0.0004443383546395,5.149483325698292,30969.04336607301,64.94587843463779,161770.34096883168,1809.7684087520324,16.420025424707866,1.9628094649877927,1.908877890345536,1.8064309781051808,2.1422556981324528,0.33390836874765456,2355.3091319926025,-0.0062374296697416,5.090474360717777,41030.0607468391,64.94587843463779,240814.8824949928,2522.2980048924533,20.033924665218613,1.970522878174814,1.915646084654254,1.7998725625546763,2.1450859661697628,0.3295976723593006,2364.5246445373887,-0.0022783234491521,5.061238254825748,44520.55582454334,64.94587843463779,237706.00610436383,2546.906548327069,19.904187419751814,108,1
1,Fault,75,100,100,100,No,No,No,No,No,No,No,No,1.9848756341963818,1.9597156246892369,1.8924544779438488,2.060121436569375,0.0950420794418427,2381.811851675937,0.422823496514714,4.26227337019409,11070.769991967996,64.94587843463779,68544.39521449669,663.9288918199385,10.688342186271349,1.9784420286923092,1.9264970944003583,1.8426967024709648,2.104498399714658,0.19786774687374592,2374.0679537184296,0.0048110211133711,4.578231488835056,26449.348361713714,64.94587843463779,142702.31797921896,1577.3977719649156,15.421971230424196,1.9737803355281216,1.9267607948236016,1.8311168591284943,2.111443874689632,0.2516360692687702,2368.4622101388386,0.0587181247847734,4.472780073486763,32097.77719773976,64.94587843463779,181480.05897467167,1896.7176365447365,17.391571664394974,1.975829804458529,1.9116105202410665,1.810629293253812,2.1219445349373447,0.29062564034641397,2370.924483752927,0.1310097431468554,5.406637741158568,34863.47745492134,64.94587843463779,209599.35713065398,2089.6369448973824,18.690432362158543,1.9786823770863613,1.929212352290488,1.8409515860434291,2.1107481476047973,0.22564396536584877,2374.353612775259,-0.0010285818306618,5.172814906507101,31060.159000994518,64.94587843463779,162734.5406438328,1818.4709797690507,16.468886859966826,1.965181571412064,1.9052752071999457,1.8071581583267808,2.130184572438043,0.33518317958747135,2358.137467825553,-0.0037886251579447,5.040743776341628,41648.18138665313,64.94587843463779,241734.2767100741,2527.2731598549344,20.07213145591312,1.9716623803573736,1.9016778537124708,1.807490406079208,2.139453764825996,0.32864475852509983,2365.911113287346,-0.0025837898972068,5.029749526210469,46638.531350225094,64.94587843463779,237018.76417068127,2608.912940114418,19.875393672020742,109,1
1,Fault,100,0,100,100,No,No,No,No,No,No,No,No,1.9908047311200343,1.9656203244316868,1.9291737806693987,2.0573072610559207,0.05935166449555364,2388.9379104991253,0.8162990684557194,3.7286229344021087,7794.772182746341,64.94587843463779,42804.45011002554,474.5543803942601,8.446345374383876,1.9889484523819185,1.9399046363636792,1.8949222872890417,2.093093024753081,0.13402065919610748,2386.6983981162193,0.2680498373754341,3.8322524973344256,19437.70048742107,64.94587843463779,96655.76642256229,1152.5233301385288,12.6922395201794,1.983286089132254,1.9393717980755472,1.8748606128341985,2.1106860151654128,0.18989911278988195,2379.897834145234,0.1008033852649892,4.684607948373608,23589.68388457691,64.94587843463779,136955.33509361927,1383.0687108140694,15.108239203252602,2.001695702274934,1.959210260625074,1.8680244771769032,2.1128477067338567,0.21562251657662523,2401.9760212679794,-0.0071041072416778,5.0427678347824365,25041.15537754657,64.94587843463779,155507.0667663204,1506.0695700384897,16.099019989133936,1.98617557148872,1.930066136203264,1.8762821046029017,2.1039998138889726,0.16535047024320906,2383.360113623522,-0.001804247184925,4.65771531416932,22536.019444062917,64.94587843463779,119250.84181463753,1329.1909213849524,14.097921939931286,1.9715776469853914,1.9191708966705592,1.8426335001820744,2.118529336128464,0.25031314354600603,2365.822182289834,0.0693130433892649,5.0602993703952475,30319.953368519728,64.94587843463779,180525.96428195137,1850.5800573747424,17.34579508516648,1.9768164931683514,1.9328548386375248,1.83511282378564,2.1338065207529526,0.2572654101100289,2372.1131518873945,-0.0018754493407998,5.064965486532977,31975.322167896986,64.94587843463779,185539.94240405798,1937.1691478334794,17.585028784170262,110,2
1,Fault,100,25,100,100,No,No,No,No,No,No,No,No,1.984862431023735,1.9610614112293367,1.8933893470298784,2.063398520661425,0.09366268544221218,2381.7965267358977,0.4532362742631476,4.097737280161538,10993.095460306453,64.94587843463779,67549.57557226616,658.9712075312732,10.610496027697147,1.9796683364402277,1.9189560279079456,1.84287436939338,2.101384296646171,0.19402964585542745,2375.544612775701,0.0058411143430819,4.278318216769751,26769.917806575264,64.94587843463779,139934.2776057572,1560.3095356488457,15.271666445073874,1.9724783895307985,1.9242634505404,1.8208712354892151,2.113480036797492,0.25649990363183905,2366.905910849565,0.0100651755217034,4.724899967814014,31556.369652116093,64.94587843463779,184987.85874923423,1868.8263496304114,17.558846713705044,1.979602624172979,1.9179641497366329,1.8132106122945435,2.125792677461492,0.27421057691671696,2375.457527997245,0.0293273923350655,4.897050267455796,34470.11272474682,64.94587843463779,197760.80517762477,2026.1473697301967,18.15492610733263,1.9788584002743017,1.922653280696312,1.840165170947128,2.11261428248442,0.22816920247159486,2374.5638896525325,-0.0012166237005651,5.213491816643433,31034.584219885066,64.94587843463779,164555.74290711546,1815.7281852874135,16.560784145440067,1.9677222956954223,1.904133871601384,1.8071580915476992,2.130240001924909,0.32758729485386384,2361.180164093337,-0.0034765668450568,5.115764817725882,40842.64028295946,64.94587843463779,236256.12084225405,2470.0660240992443,19.8433918825325,1.9715334549727728,1.9063596917519623,1.8033217004807491,2.1370429649051808,0.32412366468272746,2365.7480793104096,-0.002360218860349,5.064179667934552,45797.78248406256,64.94587843463779,233758.1490310154,2556.2973162588455,19.738209519905606,111,2
1,Fault,100,50,100,100,No,No,No,No,No,No,No,No,1.9849386608245916,1.9575895826349623,1.8945927381591128,2.0605274247697545,0.09444881327673567,2381.8876334941456,0.44889788248978,4.187417617168454,11077.97011944585,64.94587843463779,68116.53135958838,662.3601287352889,10.654930889779653,1.9764141045123462,1.922137811085672,1.8430655923264845,2.1028474146585125,0.2003804450155601,2371.6343673416986,0.0087356798552115,4.369095425424284,25619.366587097367,64.94587843463779,144514.47713544447,1575.754883064966,15.519583173926014,1.9726507431759819,1.9181777676060807,1.8235905822173148,2.116014203853726,0.2557591496026966,2367.1098224025864,0.0084759522515361,4.714818067787629,31927.894021211687,64.94587843463779,184453.6265730396,1893.793441495065,17.533474012729652,1.9766392723056205,1.9237908422437355,1.8169272374789625,2.1235130437695164,0.27796565018761066,2371.8959711498433,0.1061073620828081,4.945971309030165,34945.24382673318,64.94587843463779,200468.96589812994,2057.5791883611355,18.278811317029067,1.9785124276504795,1.930099405578024,1.8410976744667549,2.112004229173529,0.22555037620137575,2374.1490966516403,-0.0014934571006742,5.184340886773362,30750.038245923643,64.94587843463779,162667.04409162034,1802.6910102040056,16.46547114882233,1.9710628637546974,1.9148047389820864,1.8042716403278127,2.141651206727566,0.3323884320734062,2365.2007352286487,-0.0045209230933134,5.046343151926858,40699.933455228,64.94587843463779,239718.7034055565,2489.7645076591803,19.98827587218553,1.9707053342825356,1.9129235567382656,1.8049343470100496,2.138026631938692,0.3235821455866549,2364.7549452157896,-0.0024124621896326,5.018891106748836,46096.799339488294,64.94587843463779,233367.6051881683,2567.0638077788262,19.72171414068633,112,2
1,Fault,100,75,100,100,No,No,No,No,No,No,No,No,1.9849652610976316,1.9563848692889143,1.8945459275140368,2.0588661592627475,0.09486826062990905,2381.9194350590465,0.4429030642389856,4.224803682088866,11100.258800044343,64.94587843463779,68419.03700042074,663.6355410166066,10.678563964037231,1.977544381071328,1.9232667913473565,1.8427833568381928,2.106277741764651,0.19829427004224723,2372.9906313149604,0.0091677304546088,4.463117456167509,26144.03478245489,64.94587843463779,143009.92670160372,1575.2350387351164,15.438584061888777,1.972689567234706,1.9181910279668424,1.8273566050067855,2.1178941084476066,0.25575349718197554,2367.1541013626666,0.0054835969771568,4.651924991460277,32093.64467460008,64.94587843463779,184449.5500443894,1907.1077170620617,17.533280261852003,1.9726241284883168,1.913475327872532,1.814768824637752,2.121489467091999,0.2938162227561203,2367.073124796557,-0.0025709958553361,5.121362350362952,33326.97719975698,64.94587843463779,211900.40675982536,2100.925467344276,18.792747127541226,1.9778518910074494,1.9281460167755584,1.8408422860272708,2.1105343840240662,0.22720238527034264,2373.35646526449,-0.001673665551925,5.1499596157328416,31127.161586763545,64.94587843463779,163858.4738581638,1827.7914046603287,16.525660544446417,1.9623956725195035,1.9064547484678385,1.8060983487393607,2.142436909314525,0.33148318611686267,2354.81027937264,-0.0056665029685658,5.0311612007068085,40879.46577825907,64.94587843463779,239065.8395690744,2507.023648463603,19.961038699137312,1.9742421430252295,1.9209291014113448,1.8015044464872003,2.1362333772446904,0.34292271005475267,2369.043587280419,-0.0055429735340359,5.007075392330998,48767.23482876445,64.94587843463779,247316.02995284263,2764.919710565086,20.302546225898308,113,2
1,Fault,100,100,0,100,No,No,No,No,No,No,No,No,1.9907384289561114,1.9593720917001651,1.928178147914764,2.057928996773122,0.06023430380708152,2388.8579266785464,0.8494758321234486,3.668953127051515,7411.930032407406,64.94587843463779,43441.01002281911,455.11533846542704,8.50891787311202,1.9842814899350312,1.9367167771612115,1.8800989904902787,2.0967640197004767,0.13972434865611635,2381.0885038271445,0.113766830963829,4.37814053064576,18322.317649314085,64.94587843463779,100769.27011296546,1103.2644798486401,12.959505527666135,1.9796042003912646,1.9372195059272603,1.8537853253661207,2.107467308644281,0.19335532639457473,2375.4654384899636,0.0017595697820523,4.6390088056623995,22129.524001200803,64.94587843463779,139447.9580734305,1354.6409715339378,15.245106213330148,1.9804072414606626,1.935294345200332,1.8525736743049577,2.1114338931348406,0.22153465149401197,2376.4288527504186,0.1220863070223912,5.383429157431832,24055.89266792616,64.94587843463779,159770.90142480723,1508.0728806875516,16.318236292810937,1.988326008133465,1.9399458624285408,1.8903265204027284,2.1025141192135206,0.14618027312898807,2385.946155108901,0.2337744592758624,4.135367126660734,21288.22265655992,64.94587843463779,105425.28607076274,1285.8156760942916,13.255519986705082,1.9856988394992665,1.966095414226184,1.8483867116434085,2.1213003685349863,0.23740820333641632,2382.786647350271,-0.0019673830092521,4.865266647431566,29364.38668518165,64.94587843463779,171218.91495032515,1757.6819346846687,16.89274572858249,1.981634290593553,1.9565482693117675,1.841135701818705,2.1310198868079606,0.28769281599319657,2377.899637932567,-0.0002034939422997,4.9129272867349485,32913.385279395196,64.94587843463779,207484.2027407014,2019.4115375992226,18.5958867647616,114,3
1,Fault,100,100,25,100,No,No,No,No,No,No,No,No,1.9850763705258552,1.9609847277022083,1.8927268562090531,2.0643392800704645,0.09373177136356207,2382.0530990426055,0.4521293325458923,4.246026064620459,11006.082354311855,64.94587843463779,67599.40037328664,658.8237924237744,10.614408475690535,1.979313332267258,1.92525527188766,1.8421846973766292,2.107528224655677,0.1990131310452737,2375.1141551282,0.0092823140295205,4.498558551737841,26914.689391493546,64.94587843463779,143528.36961641695,1586.0981886395064,15.466542902688206,1.972549432798566,1.921587569223548,1.8256956680966328,2.1197431957470942,0.25738298340538524,2366.9844731997655,0.001759505806997,4.645509646207628,31903.66349696759,64.94587843463779,185624.7363234555,1904.8137613470997,17.589046606882718,1.9752893423065636,1.9195453004219063,1.8162743155947576,2.1251834786932657,0.2879645587712625,2370.2722866042313,0.1220840736626863,5.158105275661388,34874.97497867926,64.94587843463779,207680.1837681139,2088.9741558791256,18.60466714600192,1.9787292868381254,1.9260214085301388,1.84044308727032,2.1118301911770527,0.22222625941676,2374.411411878694,0.0063534713139801,5.132129318520436,30537.281643790287,64.94587843463779,160269.68940449698,1800.9239204701107,16.34368835384152,1.9756600729921852,1.91758138391216,1.801329726745987,2.132918135867264,0.2989071199220118,2370.6959009358716,0.0105510286131583,4.936374201077737,40657.153799075386,64.94587843463779,215571.96434131492,2371.234889520804,18.95485708823796,1.9699277369163788,1.9072403366554929,1.8012745790537004,2.1383487446357856,0.3387551584547112,2363.834705495689,0.0081857436840911,4.9540636987562925,44352.078395513614,64.94587843463779,244310.38965511697,2596.9993340723036,20.17880033001289,115,3
1,Fault,100,100,50,100,No,No,No,No,No,No,No,No,1.9849655680677776,1.95823834379334,1.8935610172456203,2.060307955070232,0.09458801466040244,2381.919853678648,0.437597794789982,4.272394413717838,11082.807334327605,64.94587843463779,68216.92346708957,662.825283451859,10.662779771014183,1.9780759392279739,1.924540183352507,1.8425212072599515,2.10607377459144,0.19873585980088204,2373.628117803859,0.0090497709809531,4.508411805967979,26522.85445413726,64.94587843463779,143328.401456326,1579.3232660645247,15.455764914551356,1.9725145793546028,1.922079978688616,1.8299765667957193,2.113039585410157,0.2580953069417576,2366.9422818655657,0.0017594638102859,4.568427365933909,32090.67175634354,64.94587843463779,186138.4644140491,1912.3473970060938,17.613369184327432,1.9760022679439202,1.913241861853244,1.8143961245227047,2.122652895137535,0.2879833001431653,2371.1295904681824,0.1220848801768115,5.252318051411844,35040.838307718055,64.94587843463779,207693.70005490087,2091.057363648644,18.605272552644,1.9791527127523685,1.9294957940995,1.8410303645298904,2.111337210027915,0.22394239036356056,2374.919118259701,0.0198981695424075,5.1595908284384535,31069.3227419765,64.94587843463779,161507.363901395,1821.164258933553,16.406673637141026,1.977777361909063,1.9099364090157929,1.7940867397655087,2.126144402478007,0.2960054519131236,2373.2201134477496,0.002391070231367,4.96531106795234,42609.44218603553,64.94587843463779,213479.27992247068,2402.289133144968,18.862629717798747,1.9723471527613332,1.9022742585321593,1.807134205336206,2.1329288083479456,0.32525299278662895,2366.7345369083723,0.0097184866048692,4.973018623876627,46991.28795209891,64.94587843463779,234572.6210242132,2601.5629301757854,19.772566054351383,116,3
1,Fault,100,100,75,100,No,No,No,No,No,No,No,No,1.9850533306501739,1.9604410817348044,1.8925632032709128,2.058914427400635,0.0949534495306578,2382.0250392412627,0.4350871121122263,4.317752652406224,11084.035441946415,64.94587843463779,68480.47527823517,663.2832676085634,10.683357405971462,1.9783406029119956,1.9282196832938543,1.842006093740833,2.106516278897764,0.19871085489638757,2373.9452537592206,0.0088635134228267,4.477232275587611,26575.9538920635,64.94587843463779,143310.3679067022,1583.4208686075367,15.454792563403657,1.9722190288804364,1.9233720422930007,1.8321948126276992,2.1064081966181214,0.25860401596229404,2366.5859651132496,0.0017595233337907,4.474686200772391,32184.392449306277,64.94587843463779,186505.34561401448,1914.4291499553854,17.63071872301365,1.976335978778708,1.914516694575504,1.81377885138652,2.121362876058257,0.2887884140252984,2371.529758644034,0.1220860320433203,5.286955108358785,35143.617970564424,64.94587843463779,208274.34858925227,2094.203694956211,18.63126174781033,1.9779532804483224,1.9279597664072,1.8409725421054808,2.109000443550909,0.2264144213034127,2373.478731061189,-0.0025866136162128,5.108181723894416,30378.454673706452,64.94587843463779,163290.19385123192,1802.2379599345916,16.49697921091575,1.9701422783641132,1.9046529384353967,1.8066633919911923,2.1335760589982646,0.30615525272346594,2364.0852770854517,0.0179220219738473,4.988189585269537,43740.01880464574,64.94587843463779,220799.32134179006,2463.7050436499326,19.183296611974267,1.9710882723428833,1.9033056306820888,1.7927899311964564,2.1376286607384047,0.3254756095304668,2365.227074557577,0.0103615821135648,4.987714358185564,43605.273816148045,64.94587843463779,234733.17233117743,2507.001432168339,19.779331482264404,117,3
1,Fault,100,100,100,0,No,No,No,No,No,No,No,No,1.991211889410704,1.9610397211199857,1.928875008502652,2.059555608367443,0.05754203496960335,2389.425984396329,0.8939164797361395,3.559678185851196,7350.669628025465,64.94587843463779,41499.34439109542,449.0334562858943,8.316584273916728,1.9840282110644087,1.943558516851588,1.8827732366783176,2.093662415650618,0.1417314350967035,2380.7840288786792,0.0246443793634569,4.3184477889963295,18031.805348529095,64.94587843463779,102216.78185746013,1097.8975280320567,13.052252797726792,1.9793239221169432,1.937248648644624,1.856205644883012,2.111262482436676,0.19460544312853195,2375.1289457533576,0.0017595165035295,4.7063878289137095,22014.77554762815,64.94587843463779,140349.54288701885,1353.0953173423272,15.29430955655397,1.9804082274402588,1.9338258218000008,1.8517959099347787,2.1045561579451766,0.22045169720512606,2376.428694414878,0.1220862541359215,5.251015618082928,23709.716120472076,64.94587843463779,158989.87425018556,1495.9999629526326,16.278302237958027,1.9888062045452086,1.939056532390781,1.8902953666061448,2.0984417363294985,0.14510382794845014,2386.5234751766525,0.3791717122697592,4.134356026096009,21436.8276321507,64.94587843463779,104648.95326833622,1280.3515929646953,13.206624175537582,1.987283863538176,1.964677166558564,1.8407902521739248,2.13745727233788,0.2831485777232335,2384.6828899207376,-0.0004652551939266,5.087997213264504,32364.475768568263,64.94587843463779,204206.8958282849,1855.702788846579,18.44843696307291,1.987770880432078,1.956898376711928,1.865938324702601,2.126459326683887,0.26151033511212174,2385.2906955218687,-0.0017425064984831,5.219897962658083,30480.65130132286,64.94587843463779,188601.38443802984,1884.2188288320758,17.729513268278115,118,4
1,Fault,100,100,100,25,No,No,No,No,No,No,No,No,1.9851410020014308,1.9585925659913688,1.8942624811228808,2.0629921695875706,0.09373957808817013,2382.1302898589975,0.4842982959687606,4.153800317655506,11037.94540544476,64.94587843463779,67605.03058697736,660.7574377659456,10.61485049250792,1.9778136707668088,1.9275921774978233,1.8414154439971824,2.108459923668192,0.1992482439626266,2373.312201334147,0.0085420794004966,4.504543439059679,26130.69451630364,64.94587843463779,143697.93316996825,1575.1554234721968,15.475676246396485,1.9719212543308782,1.9193051240015624,1.8258928105180456,2.1140390530347752,0.25720070621314944,2366.2284086941354,0.0017594752005107,4.591086234338398,31920.047895208463,64.94587843463779,185493.2779212765,1903.351691149447,17.58281727147636,1.9762224012870737,1.9177040290256528,1.8168471361858,2.1241321916561104,0.28682701787145276,2371.3921061272345,0.1220861275206038,5.220392169196793,34806.14854127488,64.94587843463779,206859.78870240075,2083.48198483877,18.567883953321154,1.9789969714477673,1.92270101271722,1.8409921266429177,2.11422055057912,0.2192081906716829,2374.733819579581,0.0487272498637352,4.999494710465321,30496.718464518777,64.94587843463779,158093.05671651306,1787.3302036407058,16.23232663116582,1.96607591770806,1.92126559343284,1.8099430677336488,2.1410042672351826,0.33620365232514854,2359.2219077525874,-0.0123141774446325,4.989692726840532,40753.79927485869,64.94587843463779,242470.24215872335,2501.3500424290437,20.10266326297436,1.9787329146804584,1.9054379236084389,1.7757164791965852,2.177910444561842,0.3571216693919932,2374.5077319455413,-0.0112179157378583,4.93776122941521,43906.611528291876,64.94587843463779,257556.32652634018,2669.864377114521,20.718603819045505,119,4
1,Fault,100,100,100,50,No,No,No,No,No,No,No,No,1.9851397264999016,1.9579563553674209,1.893343623693908,2.0594295663074695,0.09413257519823348,2382.128714062972,0.454487361360553,4.224231007206798,11032.430536854989,64.94587843463779,67888.46029925358,659.954396924982,10.637078256367644,1.9777911168142135,1.9283861590953872,1.8409634279634903,2.10529736951067,0.2008757075749452,2373.285496031355,0.0089580371074454,4.492859106674261,26226.330048337688,64.94587843463779,144871.66074090428,1586.9746676953837,15.53875052575036,1.972038898231526,1.921761707120122,1.83103340339266,2.1067860946584487,0.25762620454142104,2366.369923018163,0.0017594825645266,4.527571581108616,32036.232705530623,64.94587843463779,185800.14752837515,1907.619218189701,17.59735527138359,1.9761731985300124,1.9145162975582048,1.8112137740796503,2.1213892591331,0.28747651711948347,2371.3340219325255,0.1220834726670989,5.258650689223309,34952.55635394233,64.94587843463779,207328.20788483007,2086.733441276255,18.588894887576924,1.9793323810776204,1.9283087657039488,1.8408509148657344,2.1152588567336745,0.2218469884005322,2375.135812408652,0.034524784066972,5.0444635304735055,30938.65178274651,64.94587843463779,159996.15895795802,1811.2156684791894,16.329735605022208,1.965109229738818,1.912424796891612,1.8072672444244,2.1340270132206927,0.33112290115262494,2358.0498110512444,-0.0036088350893612,4.969864636591873,40953.570828438314,64.94587843463779,238806.0018727237,2487.199096014944,19.95018804726427,1.9779809304787075,1.8854924102335155,1.7741276159387267,2.1797271473787845,0.34661086258066026,2373.6077909541364,-0.0015016711204915,4.976194974273158,44680.206514231075,64.94587843463779,249975.92739860344,2558.0701010897938,20.411431739697708,120,4
1,Fault,100,100,100,75,No,No,No,No,No,No,No,No,1.9848557449147848,1.9560795458364388,1.8938873702532948,2.058952062792144,0.09499603955017258,2381.787886158141,0.4428935108195556,4.220080346725752,11078.704333140688,64.94587843463779,68511.19122160424,663.6799486228106,10.685753071387797,1.9777142574043118,1.923378032546884,1.84253478705298,2.106741021402128,0.19862910944358464,2373.194338766304,0.0096169968927978,4.527311191026878,26191.43474887533,64.94587843463779,143251.41304526795,1576.2662443075367,15.451613348626305,1.9725716558779958,1.9213614708326328,1.8305468059329024,2.116857109347893,0.25737500859705814,2367.0116309879777,0.0017594454540669,4.622410666970359,32068.822939389356,64.94587843463779,185618.98488770265,1910.038046572985,17.58877411341785,1.9760823502365774,1.912647813349124,1.8138912389407,2.123821037159556,0.2873807130333831,2371.226641604074,0.1220854448739071,5.247867298766655,34976.51470016607,64.94587843463779,207259.11393003244,2086.0873471713867,18.58579717284287,1.9789817620211243,1.92785241091045,1.84058363620614,2.1102967148799787,0.22477621570816358,2374.7135240003217,0.0087954527108966,5.140143604410929,31346.106914110635,64.94587843463779,162108.71915683543,1820.0287391998793,16.437189498047584,1.969656875323045,1.9220648725784024,1.808609811977524,2.139625563280838,0.3384428767664264,2363.4926722523105,-0.0033901904410008,5.027227124687805,41387.42797719974,64.94587843463779,244085.17194538514,2519.264028249858,20.169497264656233,1.9710591358921095,1.9080347870928889,1.8016959640745227,2.135612536781648,0.335750792328014,2365.2006089791666,-0.0070119338153267,5.007491624819148,43544.951268540135,64.94587843463779,242143.6393023599,2629.742586288472,20.089119746036655,121,4
2,Fault,0,100,100,100,No,No,No,No,No,No,No,No,1.9911545215173483,1.9626801417588915,1.9290115635367964,2.0623367052371755,0.06361458056427018,2389.3589988876947,0.6714344335163914,3.698227364461139,7826.167604582279,64.94587843463779,45878.86731024195,479.7576941827098,8.74441415135418,1.988217802035152,1.9403942540574568,1.8940914059150569,2.0925388056016323,0.1334962918945082,2385.819648396562,0.4014500391101963,4.0100192807107184,19061.252511486124,64.94587843463779,96277.59246246527,1152.2538984120588,12.667385448627858,1.9903999296475166,1.9543724240840548,1.880943087030084,2.096885122208304,0.19322862659988174,2388.44084012457,-0.0031092921214179,4.583235297848535,22400.765705194266,64.94587843463779,139356.582118148,1353.98426834292,15.240110570363765,1.9769143409991157,1.956419283436692,1.8648371832784407,2.1268691487764695,0.23424535977242433,2372.253772156491,0.0029328045718857,5.31663648636724,26506.405422121003,64.94587843463779,168937.87059055237,1517.0998141931364,16.779842599110417,1.98409902224131,1.931605613664728,1.8761849311475691,2.1025354714242614,0.16600368764746343,2380.868223450043,0.1090700571293052,4.639774205393476,22051.193362312766,64.94587843463779,119721.94253319444,1341.3206445253322,14.125741427927151,1.972928733669643,1.923646887423816,1.84050155841312,2.126521457115781,0.24786430137234616,2367.4476674337193,0.0018493643459994,4.99163493857992,30464.940182438477,64.94587843463779,178759.85808188678,1854.5880561089475,17.2607385937898,1.9756750048777618,1.9274395097264223,1.8320590861829409,2.1325688255203143,0.2610952402910897,2370.744797981899,-0.0008367461746759,5.024814651501986,30843.90151827426,64.94587843463779,188302.01784555404,1955.476489342276,17.715436670013435,122,1
2,Fault,25,100,100,100,No,No,No,No,No,No,No,No,1.984884405199691,1.9573097514878528,1.8918107963657784,2.065015511021061,0.09358253522921887,2381.82127018313,0.3550919157152014,4.290258044736767,10860.729281302712,64.94587843463779,67491.77119858026,652.7559489475329,10.6059551823948,1.9768423789687333,1.924894537245792,1.8414892047477829,2.1062780156554295,0.20398427178366846,2372.142694448587,0.0018900855741332,4.509231056795756,26233.389527982785,64.94587843463779,147113.5588025176,1578.5379250681806,15.658520513473253,1.976878534108542,1.9136167046240509,1.819828552517741,2.115334880038472,0.26843548287364805,2372.1797755309744,0.0139197267266932,5.404932201131146,31196.64192895838,64.94587843463779,193595.80446621645,1869.393483869794,17.962730140776507,1.9757931661746644,1.8511890540679088,1.7140928611260573,2.2812767755401007,0.4010653275543762,2371.055499450057,-0.0222571467235283,5.4347615026711535,32899.19819316928,64.94587843463779,289248.5147648799,2421.066292096591,21.956339812033026,1.9782203949534929,1.92579377674008,1.8395094096747089,2.117216883894962,0.22128062932392226,2373.8002948701896,0.0044773195733533,4.822750027378146,30869.089563330155,64.94587843463779,159587.70050872743,1801.9947673404797,16.308877976362414,1.9629695637297435,1.9035138867890145,1.810389596338427,2.1374638561666095,0.3204355467525456,2355.4863938637345,-0.0031662503951863,4.93482966280784,40464.0008361143,64.94587843463779,231098.27653570927,2446.5034015097367,19.625590289878726,1.9717750428295766,1.9209921900674,1.7748573104540504,2.1451361645560847,0.3357170663240608,2366.1068975359904,-0.0093695646135265,4.956139757514461,45487.516487854664,64.94587843463779,242119.3160914458,2533.2397225927166,20.088110749538966,123,1
2,Fault,50,100,100,100,No,No,No,No,No,No,No,No,1.985133229458908,1.9580026881285268,1.8924115180829144,2.063976633615164,0.09212379568102891,2382.119507870815,0.4014675948888237,4.292304465719491,10845.490082207254,64.94587843463779,66439.72750705588,648.1738587788151,10.522969123703941,1.9806255520344218,1.9215046569969008,1.8405541123482487,2.1018296696691294,0.20364795674168062,2376.684761604395,0.0032002139436604,4.625633597422166,27512.492352444704,64.94587843463779,146871.00822607844,1593.4297623250975,15.645606850171415,1.9742942598666058,1.916261251490776,1.8198597874004336,2.1216062289944846,0.2833451777499575,2369.0827217738115,0.0074032436383804,5.478098551343288,31270.318757816927,64.94587843463779,204348.68386585824,1856.4314734845143,18.45484055136837,1.9770962589242742,1.9276048154096088,1.8186234035735651,2.118108305483976,0.32392155580541027,2372.432356024267,0.0039330015039609,5.632948434223783,35095.31921964748,64.94587843463779,233612.38800763985,2108.5364881321784,19.732054632316753,1.9786651156270632,1.924877445726048,1.839802068994836,2.119244847639128,0.21624845018283267,2374.3347854128833,4.25980177578e-05,4.735868598732459,30293.14672274079,64.94587843463779,155958.49039608403,1764.5801091696944,16.122370090244384,1.9626093371721849,1.9087217562637049,1.8141666827090228,2.136941164831156,0.32257573182183313,2355.061727980218,-0.0030770900768438,4.915814635058648,40505.54644276796,64.94587843463779,232641.779077772,2447.371719187911,19.69102075726277,1.9714111649046762,1.9117488939813945,1.8002693885723369,2.1377361651098186,0.31605566619648234,2365.603355168074,-0.0027446226272714,4.945823969438916,45053.69269806826,64.94587843463779,227939.50448873625,2486.728937809399,19.491002389510236,124,1
2,Fault,75,100,100,100,No,No,No,No,No,No,No,No,1.9846544829790917,1.95601771573174,1.892405746340177,2.061320264710272,0.09129786276209526,2381.544294975545,0.4288180213123068,4.244440707594214,10850.140334418527,64.94587843463779,65844.06427295448,647.1407497633745,10.475691247912511,1.979873325777324,1.9187490259164472,1.8405834185718088,2.1003163710025343,0.2046629522698561,2375.7808029620564,0.0048110211133711,4.722448359216481,26601.75296777883,64.94587843463779,147603.02350849635,1580.5833391293006,15.684547783752876,1.9742445157838495,1.9249384414781232,1.8272640630971304,2.116543943715392,0.29291727990782224,2369.011375085838,0.0072368834228699,5.445063102895521,31596.45637869116,64.94587843463779,211252.0887281614,1865.7914739669561,18.763976512107867,1.9792485840522411,1.9316995530036063,1.819888503344344,2.122565463513088,0.33850276997982814,2375.0230556292377,0.0062184321678615,5.796765637682593,36049.220520347866,64.94587843463779,244128.36696083713,2189.014229186419,20.171281853203958,1.9785345056386914,1.925790686953712,1.839531068289652,2.1157761215045783,0.21764435942870403,2374.177544629631,-0.0012299603848173,4.759676155105124,30366.44229443663,64.94587843463779,156965.2208421611,1773.7378226633562,16.17432228575905,1.9641386562503993,1.9128288687627648,1.8077742498912344,2.131880975034919,0.3208498558447761,2356.9054703795655,-0.0025009075518952,4.905576220801136,40086.8214384346,64.94587843463779,231397.0764601805,2416.5152945597897,19.638273704689546,1.9722020415062649,1.9172384817199208,1.8026807615220464,2.140355520376868,0.32115543944038094,2366.562241253494,-0.002049603286067,4.948184989061829,46108.56752614324,64.94587843463779,231617.46350212244,2541.2042080408837,19.64762341447104,125,1
2,Fault,100,0,100,100,No,No,No,No,No,No,No,No,1.9907139655312773,1.9603324744658035,1.9284884289844064,2.058400870687177,0.056882650161817684,2388.8263883559694,0.8196934944773344,3.630074805501613,7608.048371872742,64.94587843463779,41023.79573802799,462.60035220611667,8.26879633905161,1.9898511320502572,1.9407378062173148,1.8893691168363729,2.0950686684034774,0.14132617792366772,2387.772474661319,0.4062663110246358,4.367181106463192,19417.094372407028,64.94587843463779,101924.51018163814,1149.8734404065349,13.033579080055622,1.9808680583013245,1.9473230667374448,1.8640815537678888,2.106125595268436,0.2137347518277625,2376.9758208372878,0.0135422041705916,4.996001757202771,24014.91700057461,64.94587843463779,154145.60988555825,1406.1556818815743,16.0283919907539,1.995445864974213,1.9603855960660608,1.8681727865234103,2.1139292401909127,0.23678818632505425,2394.472982474137,-0.0048329836620089,5.115403541769108,25453.322298744308,64.94587843463779,170771.75837172224,1538.0029608391123,16.870672698093685,1.9855389341789371,1.928660141210276,1.87321561652078,2.1007171915613903,0.15806838268901233,2382.5967405340175,-0.0022101322323554,4.269023447998274,21684.444759414917,64.94587843463779,113998.99662950705,1284.7266725885154,13.783988091834855,1.970476210058488,1.92954362840788,1.8436017949379284,2.122488717544491,0.24411778855457036,2364.5057048030462,0.0768436697535831,4.96348116268338,29049.126325775072,64.94587843463779,176057.87116445048,1780.1911549446966,17.129792330150536,1.974809315644338,1.9368144449775808,1.8322087722733509,2.130534849381724,0.2516656369946024,2369.704743675628,-0.0013656670265907,5.011801285545489,30605.23060109026,64.94587843463779,181501.38323332582,1861.2967304204785,17.392593406070194,126,2
2,Fault,100,25,100,100,No,No,No,No,No,No,No,No,1.9846762218468474,1.955840232120423,1.8926340988880088,2.064698754897911,0.08845230771819233,2381.570921203135,0.4595636246186663,4.104764770579387,10735.745782327327,64.94587843463779,63791.84855251418,639.5739807034057,10.311146763940645,1.9818340964993355,1.9221546731771848,1.8409013274084929,2.1025595022462857,0.19990731283628874,2378.1376145318955,0.0062179616406357,4.869122666974097,27268.907593649903,64.94587843463779,144173.25397118783,1562.70712111506,15.501250163088343,1.972381809506228,1.86942689803806,1.7713498686591336,2.1875373062699484,0.37374510998733956,2366.934825188977,-0.0147160300535036,5.805471727782764,31506.24341071288,64.94587843463779,269545.16019542434,1988.8455579922625,21.195328109256543,1.98019447720383,1.9313892916738968,1.814476998806022,2.1191018159251382,0.3239883964507917,2376.1714158876694,0.0013562026612774,5.982361417581936,34653.360661824365,64.94587843463779,233660.59351450924,2072.2448012250884,19.7340903647516,1.979842498466659,1.9256832359861404,1.8396992738954243,2.110801665623032,0.21608650588756534,2375.7472521416485,-0.0015584213903704,4.807301664347229,29941.331696752983,64.94587843463779,155841.6960893651,1748.0278543816876,16.1163320935299,1.9629700540136097,1.90809504660549,1.8048832828298345,2.1324130248841247,0.31559960297461764,2355.4832473397632,-0.003318919144481,5.008106376040061,39842.72305190997,64.94587843463779,227610.59146509573,2407.064152667829,19.47693471199099,1.9715975130516104,1.91332791339118,1.803508328715752,2.142261626304607,0.3159613302651077,2365.8323024529627,-0.0019490238316866,5.003191774493514,44969.147876472336,64.94587843463779,227871.46936786087,2511.838850665261,19.488093346445364,127,2
2,Fault,100,50,100,100,No,No,No,No,No,No,No,No,1.984860983655312,1.9579996481363988,1.8924344402592568,2.0631661286069622,0.08950518574556801,2381.792610488802,0.4550204643186286,4.091220366231635,10762.768787529592,64.94587843463779,64551.184712296534,640.3916449709469,10.372333770845767,1.977405415953951,1.9219605826008443,1.8424092565966008,2.103031174307768,0.20558777521697907,2372.81740810919,0.0085356958219619,4.8241749011283215,25406.562031935453,64.94587843463779,148270.0062803729,1558.5886542495414,15.719945201366157,1.970716304989785,1.8828215732858105,1.7550533432266455,2.2033327460801737,0.38171742836108896,2364.8895070065764,-0.0217533374833124,5.73829199573544,32474.215523672145,64.94587843463779,275294.80019273155,2021.2183775631258,21.42019297270419,1.9774360246540794,1.9267507000418107,1.8083876221728887,2.1246833500144335,0.3290333820084592,2372.8486100041755,-0.0022302557915599,6.000408694652494,34820.314051677786,64.94587843463779,237299.0396211918,2071.722597874765,19.887141558520998,1.9789842247589213,1.922487366193112,1.8381622324985751,2.120543251768248,0.21831735874439104,2374.7172213370377,-0.0017803438223443,4.801171206994048,30108.350289393555,64.94587843463779,157450.58828513423,1765.6453376217664,16.199310082280984,1.9645045992796062,1.9087336165377211,1.8101638544958247,2.132320048702838,0.3134747382193909,2357.320274321289,-0.0022855890489842,4.954441894875914,39580.826369763105,64.94587843463779,226078.1379411939,2388.2711218478203,19.411256954887197,1.9725219527971325,1.910504972873196,1.8048140877175805,2.132755856671855,0.3241946135526685,2366.9518993100855,-0.0020840796786143,4.96744992196192,45464.98586950738,64.94587843463779,233809.31739149144,2566.5894469844015,19.740369693916215,128,2
2,Fault,100,75,100,100,No,No,No,No,No,No,No,No,1.985100581937565,1.956524226131804,1.891923724082596,2.0634564820076444,0.090423051616506,2382.0803636003857,0.4487584884246216,4.140525462247149,10809.593714961495,64.94587843463779,65213.150037349944,643.3237360474651,10.42538169064247,1.9793335066833972,1.9190064250909953,1.8415458486968592,2.1023998202976864,0.20495621478681766,2375.132952288056,0.009073026719067,4.7429757176762175,26090.649344887395,64.94587843463779,147814.5245823603,1572.7070247078866,15.69578099269356,1.9723216524800502,1.924483688716497,1.8252255276152467,2.115988967747545,0.30208305421659054,2366.702336139663,-0.0011244426140801,5.647311324063102,31546.485149347835,64.94587843463779,217862.44974253228,1869.5498455781599,19.0552901553406,1.9730611914451788,1.9260427448722048,1.8182802914771383,2.12071242401921,0.3412424785357594,2367.58975861947,-0.0025709958553361,5.9218875168103375,33444.553469453655,64.94587843463779,246104.24614122897,2112.7668237722364,20.252746568520404,1.9784321614286893,1.9237044822599805,1.8382160273804569,2.1213110281916867,0.21562936689455414,2374.054630750282,-0.0018903184332395,4.7923223526030725,29846.269690521403,64.94587843463779,155512.00721903588,1749.1743732360806,16.099275719683575,1.9658662857721914,1.912272995954552,1.8084921659914472,2.1334265633079763,0.31355055346653804,2358.954365790568,-0.0020395218043259,4.9294665457342655,39544.87891490252,64.94587843463779,226132.81593534403,2387.0882750200826,19.413604162002137,1.9720093214279308,1.911981783610136,1.8008954605235918,2.128401205952691,0.3236855065122824,2366.337875947281,-0.0023178174862228,4.956004683818646,45846.96098809641,64.94587843463779,233442.1491394113,2560.217144440496,19.72486371475569,129,2
2,Fault,100,100,0,100,No,No,No,No,No,No,No,No,1.9908250256976547,1.9621295756803765,1.928650099425228,2.055840882221206,0.05635414252401148,2388.9597617571844,0.8554813692171431,3.640859087835596,7057.596058120494,64.94587843463779,40642.635765388346,434.4423712209004,8.23029320714926,1.9846018528407268,1.9329781229488048,1.8811911112738768,2.0943594864706503,0.14499463931990386,2381.464148878962,0.1265326598999969,4.271345409751679,18039.520062747277,64.94587843463779,104570.20637483435,1085.0057699019087,13.201654339187591,1.9780927553701466,1.9356796263119307,1.866135136111824,2.1099208776357705,0.2511513878407807,2373.640478266551,0.0017595697820523,5.693362692283296,21939.851567651658,64.94587843463779,181130.50648646502,1396.8531147924405,17.374814458791832,1.985300831121338,1.9411817189445368,1.8537935357829651,2.11495603280456,0.29190204209772264,2382.27374713496,0.0016327862623935,5.434895530900105,23544.301274716017,64.94587843463779,210519.89871189868,1575.0660687066243,18.73143074762749,1.9866565364124376,1.9359637953344897,1.8909133779787315,2.102823037108194,0.14032710946228308,2383.942875701288,0.242360625333736,3.7356594316844,20546.19291129817,64.94587843463779,101203.98150775328,1243.4716709233924,12.987428633602656,1.987508945694798,1.9617007967342148,1.85424426960804,2.1233846021632465,0.22171741655055505,2384.959296653382,0.0016664105725362,4.956353298051631,28056.1453155561,64.94587843463779,159902.71167496854,1659.8401461968538,16.324966139575324,1.9798749274174814,1.952236958804609,1.848344388303742,2.1386985971793218,0.2593340744094672,2375.8058588359168,-0.0012600125230611,4.574998452822326,30317.609128578,64.94587843463779,187031.86413114498,1806.0228016150882,17.655587601433954,130,3
2,Fault,100,100,25,100,No,No,No,No,No,No,No,No,1.9847552563339084,1.956140491495454,1.8923425002786345,2.063862435334225,0.09040505423489968,2381.665396797087,0.4583730290034663,4.202555665394313,10741.688412050094,64.94587843463779,65200.17031673678,641.2344143755258,10.424344129387451,1.9781549126695375,1.9223481893787544,1.8420411164649568,2.1013243349104807,0.20317162683318207,2373.716298179136,0.0093163860149641,4.750105684238001,25870.215016257076,64.94587843463779,146527.47885790438,1533.2358907366474,15.627298703332384,1.9687348726818654,1.9254752614297728,1.826798824450004,2.1174671022766383,0.31239764770227346,2362.396969290916,-0.0152085906407903,5.684109903237448,33690.06437600652,64.94587843463779,225301.3397217035,2013.4543496986144,19.377879989036618,1.9774357233588227,1.9308758120422589,1.8225480074866929,2.1254593839038463,0.3269715072474305,2372.837930222783,0.0033329708392282,5.786449761897987,34411.0718018734,64.94587843463779,235812.01451260055,2060.9950393241998,19.824732638491433,1.9807375172319694,1.9232537526095568,1.8386222088838948,2.1163349541106133,0.21460799101863934,2376.82447842995,0.0061728394129369,4.682382791142902,29562.026031116948,64.94587843463779,154775.39042663822,1745.4353272404287,16.061101582531535,1.9756024050006367,1.9053478763961704,1.8076433782404489,2.1341098103660503,0.28998418858431435,2370.6550053591664,0.0192567145448701,4.725880129992135,40168.8058864773,64.94587843463779,209136.74179910182,2316.693105779495,18.6697947586961,1.9708350509821273,1.9080886611935752,1.8067238904582024,2.129290042470032,0.3378057405173706,2364.932983444643,0.0081857436840911,5.045413749474271,43148.9702197143,64.94587843463779,243625.66896399797,2533.0841307335877,20.150503259389414,131,3
2,Fault,100,100,50,100,No,No,No,No,No,No,No,No,1.9848756282258073,1.95868594774551,1.8924967587956825,2.0616311457158054,0.0907713936783009,2381.8098517842345,0.4439888237093411,4.2172426320134075,10817.68181755237,64.94587843463779,65464.374506487446,644.674718077077,10.445443544634461,1.9792832418973278,1.9197021891534187,1.8415773726060465,2.1013417713060387,0.20362827292226374,2375.0716998163757,0.0088760783667573,4.764552449569869,26245.851590112437,64.94587843463779,146856.81224567306,1555.5369134080681,15.644850710147043,1.9694178481249234,1.919760318576467,1.8272490466463247,2.1140726721810768,0.30930746982421115,2363.218692861602,-0.0139066308138683,5.5348793703609855,33487.99429705429,64.94587843463779,223072.70189095606,1989.054894619824,19.281800654630956,1.9787458097436388,1.933631383843648,1.8197267739542025,2.122780502537174,0.3264543926277697,2374.418812885057,0.0058749101683343,5.794678602642626,35173.366934966994,64.94587843463779,235439.0711903439,2076.9164501334067,19.809049749644895,1.9793338089713468,1.9266276908928084,1.837753429908796,2.1160403979011475,0.2124298623843898,2375.1378111565996,0.0481223731774726,4.763751625651129,29922.667032898797,64.94587843463779,153204.52296655314,1744.3955800698855,15.979388962376563,1.979359013683816,1.9030738042117448,1.8029165394093205,2.1395611647745576,0.2774409068872139,2375.1700482564506,0.0335542474133807,4.828576784131455,40319.917644698035,64.94587843463779,200090.5207675121,2268.0876985969117,18.26154980496417,1.9720230928441638,1.9052699794857568,1.8051472912934443,2.137049070245767,0.32747992082813304,2366.3449917037547,0.0057671058229813,4.899772884444814,45859.38178307129,64.94587843463779,236178.68264120998,2554.429407984739,19.840139559371803,132,3
2,Fault,100,100,75,100,No,No,No,No,No,No,No,No,1.9848101699770706,1.957427266031336,1.8923171708525963,2.061429496482694,0.09050371204161942,2381.731267540377,0.4411306375882542,4.16686312151796,10826.508307227847,64.94587843463779,65271.322376271935,644.8469076136765,10.430030550951736,1.9785610083827623,1.9212101429220811,1.84081473013938,2.100554067034098,0.2029662536054644,2374.204531014134,0.009012831034797,4.7863456809695295,26358.797259801366,64.94587843463779,146379.36358338772,1559.0469926094381,15.619398387015835,1.9695713844431557,1.9280128504908545,1.826144079732824,2.1117863074592647,0.3239524076103171,2363.3982235997564,-0.0239275476293855,5.575063161409696,33865.83574724695,64.94587843463779,233634.63834476453,2015.6241781588706,19.732994296556743,1.9702801141174184,1.9289950599445989,1.8011142972679544,2.1331544207888005,0.34199372358658203,2364.279189629635,-0.0027843167231704,5.927960132290988,34688.92610115919,64.94587843463779,246646.04444750477,2069.264890021992,20.275027515291843,1.9785763790252067,1.925725285491101,1.8383976839024283,2.1176087469739007,0.21958157818893415,2374.227713555065,-0.0025866136162128,4.786740153697901,29705.396086532965,64.94587843463779,158362.3439806484,1759.039225070093,16.246145387991188,1.9702189758691488,1.9053869944537745,1.808532383624828,2.132191714531961,0.2901767263783693,2364.17224426537,0.01521736755865,4.8936813030139765,41642.563061356435,64.94587843463779,209275.6001524431,2330.725694029693,18.675991725226762,1.9733527289602082,1.9125720517570288,1.7996913019829135,2.138408606409776,0.3222309303928626,2367.9551651187594,-0.0010406127923134,4.943638115528471,46696.392616950565,64.94587843463779,232393.10811479777,2562.829738609551,19.680494070474865,133,3
2,Fault,100,100,100,0,No,No,No,No,No,No,No,No,1.9911168477263703,1.9631395417983604,1.9260507832923672,2.057304809536032,0.05467274461734125,2389.309578340566,0.9199842371738628,3.600333829855543,7076.9122728378525,64.94587843463779,39430.010754398834,431.7078898610602,8.106582793672358,1.9844351635143909,1.9375438223072108,1.8825897595015924,2.092206711209016,0.14585967557421603,2381.2631634471654,0.0287858523400219,4.323314520137226,17740.044244974757,64.94587843463779,105194.0709539624,1077.5270658160312,13.240976232511608,1.9785025558264722,1.9368752100575377,1.8605177427972648,2.1102722106153946,0.2511916005056333,2374.1318289153633,0.0017595165035295,5.575146819777348,21800.262147125904,64.94587843463779,181159.50788046297,1389.7254053505956,17.376205372120374,1.9878769832397485,1.9452421454219888,1.841178819248939,2.1134907083348486,0.2873009747801358,2385.365465501703,0.0020961553264058,5.549975247256024,23731.657626544828,64.94587843463779,207201.60666192134,1569.6012979070224,18.583218534559673,1.987677118435232,1.937497341266892,1.8914138502437912,2.1078116368281394,0.13703086142661103,2385.1676529645056,0.3950257799430265,3.803959275236344,20551.400003305745,64.94587843463779,98826.7257763026,1229.6696416991374,12.833986505648625,1.9859377388806918,1.9507283747039408,1.839471623107116,2.1477566161062334,0.2510038556244309,2383.065939713679,-0.009749346505819,4.7542422200918235,29627.080030741592,64.94587843463779,181024.10617826736,1692.3802872254737,17.369710522356026,1.985762812069622,1.9559430645320428,1.8652312405129208,2.127639969743478,0.23431386052037118,2382.866753906121,0.0780819963607028,5.155499470278675,28709.962853126173,64.94587843463779,168987.27336422194,1736.7876955089325,16.782295897970474,134,4
2,Fault,100,100,100,25,No,No,No,No,No,No,No,No,1.9842908684969067,1.9578523347350631,1.89296713569218,2.0639817769363487,0.09001769056229181,2381.1075193271217,0.4901606327788188,4.113908846120705,10719.880018522366,64.94587843463779,64920.80344237014,639.5580235651278,10.401987265451583,1.9754455115392657,1.9198619775896129,1.8417899576920087,2.10115456610283,0.20352080937955067,2370.462841089048,0.0089097184641863,4.788517945809401,25622.03148525468,64.94587843463779,146779.30948493662,1526.4126439954423,15.640721929466503,1.968877028555132,1.9381429678981617,1.8179022484941,2.125144927444102,0.3608965497534748,2362.5590016716287,-0.0063660295010804,5.766908225489001,35329.90810146037,64.94587843463779,260278.77213048097,2129.8660104329892,20.827816821520244,1.9756939108152356,1.930708575340408,1.8215490433558967,2.127490998079334,0.327411380269604,2370.754414538542,0.0053610435734364,5.90016024109266,34321.130274521434,64.94587843463779,236129.25115612854,2046.9743513222277,19.83806321007373,1.9806679352463072,1.924408804886576,1.83812251095498,2.1161285124239044,0.21341308355232716,2376.7404877201225,0.0443628272897027,4.627254475423547,29773.501026928836,64.94587843463779,153913.62256448017,1746.162561105396,16.016326179062837,1.9697885221684268,1.9243053722966952,1.8145120916302155,2.1373917388262287,0.32781734478238933,2363.6534785460367,-0.0164774127005796,4.754889664931691,38708.367764407376,64.94587843463779,236422.03296573163,2385.8815511629,19.850358223708525,1.9776982977132582,1.90620229792728,1.806922215966976,2.1238480159296085,0.3082027191090066,2373.166081428422,0.0123581826145105,4.889377371162314,40752.87630167713,64.94587843463779,222275.95512277517,2399.9093865999207,19.247335535201366,135,4
2,Fault,100,100,100,50,No,No,No,No,No,No,No,No,1.9847204334134156,1.9570840535848408,1.8924869411849583,2.0625298145203947,0.09068121152629724,2381.623542709361,0.459908068874664,4.107986426558893,10798.665044114276,64.94587843463779,65399.335093371345,644.2512929731039,10.440253436688478,1.9769714016677538,1.9207690405472035,1.8420871199778128,2.101306050375933,0.2046875841608265,2372.2955360331034,0.009044310426732,4.760095909812132,25749.337448255887,64.94587843463779,147620.7880405801,1547.9740198469842,15.68549160002007,1.966672500647161,1.9224285281701927,1.807264019855248,2.1287898510894183,0.36881968923344977,2359.9226534946656,-0.0063173644834632,5.703326861744223,35158.25350683671,64.94587843463779,265992.94428500853,2102.675885719338,21.055203010380772,1.978546826605447,1.9307530293890216,1.8154668123037967,2.1299166117345694,0.3264354031902197,2374.173920242613,0.0016222704360886,5.881317949839254,34303.71290362223,64.94587843463779,235425.37599848805,2044.3151502027447,19.808473607629306,1.9798299481526185,1.9260581242052728,1.8385034809896792,2.1128673595956324,0.21424905034677774,2375.7339030357216,0.1043114589972513,4.684952644352549,30103.852515169983,64.94587843463779,154516.52223462128,1760.8631992701569,16.04766453592865,1.962923965871462,1.9086289443490927,1.8134859728819848,2.121348164879435,0.32336111761109165,2355.425929235914,-0.0027345266628699,4.867113068875374,39104.66996463312,64.94587843463779,233208.19970167815,2369.5586125355376,19.714977373462297,1.9748568044682764,1.907697784529504,1.804951677338656,2.145866669800536,0.31703601317090174,2369.7633350409596,0.0102679840725659,4.926765770694095,43850.12123063299,64.94587843463779,228646.53121686092,2495.3811394500385,19.521207750241825,136,4
2,Fault,100,100,100,75,No,No,No,No,No,No,No,No,1.9850356618023786,1.9561454902091588,1.892365774319764,2.0617096046486254,0.09097445612400397,2382.0022157899552,0.4488600131036802,4.184772300627124,10827.107365044238,64.94587843463779,65610.82324385972,645.5183018275847,10.457120639693295,1.9798574940085187,1.9228497699104323,1.8408213109559275,2.1012920987819808,0.2060196819336912,2375.7619194148815,0.009279352255782,4.7122157355016965,26426.59104483247,64.94587843463779,148581.49762041902,1582.6234242368896,15.736449071101303,1.9726884704581718,1.9290043088704687,1.8297746181060417,2.116404207275042,0.30621734959875146,2367.1548851141215,0.0017594454540669,5.55284898049895,30913.195117183463,64.94587843463779,220844.10563929437,1842.4964167086994,19.185241968732736,1.9764089129161437,1.9274269072759045,1.8183170473256791,2.123089384973792,0.3292963828956279,2371.6110115044994,0.0007223072817447,5.879183048606309,35421.02327508121,64.94587843463779,237488.71599251835,2098.666302470898,19.895088003178003,1.9782759296812311,1.92551911353394,1.83879242354004,2.116831025920511,0.2165222100150994,2373.8671334251767,0.0080478143565128,4.721901226569896,30551.465153901532,64.94587843463779,156155.9261239947,1771.7247854345362,16.1325719236991,1.9643841307273908,1.9116622305678448,1.8108966033594385,2.139719003945008,0.31967853766311216,2357.1798325946925,-0.0037799410661461,4.914668615850452,39909.48690462476,64.94587843463779,230552.32120190532,2420.099980197719,19.602394462663028,1.9693321103739256,1.9176619951809857,1.8006901343740824,2.135929397085456,0.3269082564866472,2363.113511172968,0.0009355856607249,4.942822799357532,41006.64185551619,64.94587843463779,235766.39803229822,2484.006986928005,19.822815055397584,137,4
3,Fault,0,100,100,100,No,No,No,No,No,No,No,No,1.9915617818481384,1.962307174843348,1.9290181887391655,2.059570926993095,0.05673386392772482,2389.8450689534866,0.672541784482371,3.609459477893652,7226.5185993119985,64.94587843463779,40916.49103160712,440.4839922386215,8.25797503746198,1.9892871352429204,1.9477987441611155,1.8932521049407287,2.0975381741835535,0.14352611955970146,2387.093718637144,0.5733655650731035,4.449782242155581,18344.065481493784,64.94587843463779,103511.10918951647,1126.0445646020005,13.134630383678894,1.9885293395049508,1.9577378400872048,1.8826058726414927,2.0975171815183926,0.19140561430210432,2386.1766222679034,0.001538893730681,4.7262411278862375,21566.510070380366,64.94587843463779,138041.82473748477,1343.5667182242419,15.168048915262897,1.97979078652476,1.957401432681943,1.8530045345250985,2.1208808140778297,0.24448046622210926,2375.6679368707755,0.0006807505191211,5.384488222938166,26356.26034004938,64.94587843463779,176319.43447961833,1549.2983774669224,17.14251218849493,1.9830861035032934,1.93357863048248,1.8761849311475691,2.1005284512570688,0.15221890066825086,2379.6578790509475,0.0747591154973565,3.7827092097734782,19843.18414873185,64.94587843463779,109780.34727139285,1224.2631907965626,13.526538561373394,1.9645665757142698,1.9321960489683656,1.837287755478008,2.108227357714843,0.3066031022701354,2357.448906319096,-0.0015825973033669,5.661537966376469,25525.234964007952,64.94587843463779,221122.31065877274,1700.9658015710247,19.19732232451411,1.9725081286289066,1.9301259086339888,1.832743021887384,2.1133637679532,0.2990419083715841,2366.953036735311,0.0007164701243289,4.640860312797243,26919.89767608737,64.94587843463779,215669.1738385407,1826.7830823879112,18.959130335124406,138,1
3,Fault,25,100,100,100,No,No,No,No,No,No,No,No,1.9848532893181432,1.956681598918227,1.891379502674508,2.061493012107305,0.08537899447593346,2381.7836141784883,0.3549869933698979,4.102068197167238,9800.171404537085,64.94587843463779,61575.373505540454,592.2363802492999,10.130430519441614,1.9755012765866495,1.9306312162234789,1.844233934568248,2.1106730907794984,0.2094780079449305,2370.533413479089,0.0005253595730361,5.114396731902931,23278.412131257155,64.94587843463779,151075.6440688878,1448.9933014073736,15.867978450792432,1.97715599526477,1.929545194604024,1.8220369916120505,2.1189684689744586,0.2861722448689936,2372.5156413596887,0.1973963845980545,6.321991992725772,27811.395916090012,64.94587843463779,206387.56608564063,1719.129198651728,18.546678322799504,1.964364730258438,1.8837071874593456,1.7717450817657676,2.18145988367054,0.3975181355704297,2357.1119179924913,-0.013486233083565,5.99804337108562,29701.950904737103,64.94587843463779,286690.2781324617,2009.4676684154804,21.85902857449913,1.9774399714667954,1.919777688909284,1.8358807806105792,2.101468043675661,0.2059216266392693,2372.860658392111,0.0101399252049398,4.3265534013459135,27594.167686076114,64.94587843463779,148510.78009305435,1627.0469497894371,15.732703735269322,1.9689200803130296,1.8489894381863867,1.6538180043893664,2.345623014083692,0.526456196870068,2362.6027833297844,-0.0031553676814295,5.62613277094226,33603.34662008058,64.94587843463779,379680.4724107915,2681.8361635148467,25.155531943318536,1.9650641529382147,1.8633417199453008,1.7272854574894765,2.2247713451916855,0.41393624694674414,2357.8506339648366,-0.0075548544133632,4.988585784247796,37987.60624716396,64.94587843463779,298531.0282661154,2332.095736719801,22.30586725005013,139,1
3,Fault,50,100,100,100,No,No,No,No,No,No,No,No,1.984861734211836,1.9567190516769624,1.8915610136298184,2.064473189496308,0.08514703792669989,2381.793553764838,0.3999210857439124,4.0529642282578004,9798.691290246723,64.94587843463779,61408.08632625492,588.9639268765821,10.116660048838163,1.9794965289796858,1.9352349755477127,1.8447210866056507,2.106387658399188,0.20303021187769893,2375.332066732794,0.0032002139436604,5.19171276163704,24919.687491920107,64.94587843463779,146425.49032130238,1445.8581190814032,15.621859168128399,1.9753840840738872,1.928471559746624,1.8225957136480224,2.1156919645435,0.28620754377200175,2370.388575173937,0.2075258497299412,6.375910061177598,28102.158154012606,64.94587843463779,206413.0236721396,1715.1862414853413,18.547822139545996,1.96046933027954,1.8878082314726443,1.755507097316884,2.198274306579875,0.3911716172952011,2352.5282444395702,-0.0051934786780573,5.9468945276920895,31785.816847312934,64.94587843463779,282113.1659791077,2024.1542658173714,21.683832916834135,1.9787112698014628,1.917878901823588,1.8321186637333795,2.1033035799323145,0.2060810723539315,2374.3869062328686,0.0031287363367468,4.325598932998276,27500.222564192376,64.94587843463779,148625.77242219163,1617.836688845062,15.738793495806872,1.9953663779944777,1.9180666690126125,1.8012747623842076,2.1560104354148444,0.42970508896385723,2394.3624088445213,-0.0053934256427748,5.617596122037501,36894.32435662349,64.94587843463779,309903.5250132783,2535.4245905950775,22.726765608465506,1.969651896326569,1.9178806611732344,1.7815465169010911,2.1551249230931218,0.39817645830940923,2363.538854334083,-0.0049810971765878,5.154405710335968,40741.68821140771,64.94587843463779,287165.0608209751,2457.9816296853173,21.877121261757114,140,1
3,Fault,75,100,100,100,No,No,No,No,No,No,No,No,1.9851532826760139,1.95630238594076,1.8924544779438488,2.0617293161744974,0.08581745548777168,2382.1437777841033,0.4269219677520803,4.1197810771272,9796.768351739918,64.94587843463779,61891.59180650868,588.8751106557949,10.15640945466693,1.9783899546970938,1.9356764884175504,1.844314649323884,2.1077348005280574,0.20550942903962957,2374.00291013239,0.0048110211133711,5.260017964858526,23897.556437346244,64.94587843463779,148213.5029780954,1453.362412902008,15.716949607461759,1.9743324317401687,1.9301602191421685,1.8311168591284943,2.1156019888059294,0.2881841915344526,2369.125371644625,0.199054923378425,6.227855407812103,28605.04885081197,64.94587843463779,207838.583026743,1730.4644822480068,18.61176075436994,1.99218115839117,1.9036456601778091,1.7723107117508958,2.188811449040235,0.39410053065057515,2390.5296819091595,-0.0065878320099253,5.905512449512544,34923.517295049016,64.94587843463779,284225.4997554602,2197.2357631664845,21.764860814144903,1.9787322544412362,1.9218810839676,1.8382651644507544,2.1029401404515884,0.2069666628164032,2374.412211826606,0.0010499184524908,4.308604187864323,27367.81652301585,64.94587843463779,149264.46070652138,1613.46584713348,15.772574335774602,1.9679258874410763,1.877797050868515,1.7449526566947144,2.2222861992241008,0.437052159925556,2361.3038818483465,-0.0164312527091313,5.588262993151952,38412.91142799765,64.94587843463779,315202.236264391,2424.158546871391,22.92023255642603,1.9665765871635792,1.9262052964741696,1.7936849807698918,2.1401881157677503,0.38937452482819723,2359.811964516192,-0.0075722886250559,4.928380602183332,41128.53008682204,64.94587843463779,280817.1019933583,2421.671514184704,21.633966426022386,141,1
3,Fault,100,0,100,100,No,No,No,No,No,No,No,No,1.990841959468778,1.9638285804180204,1.926110548509004,2.0597090724565152,0.05633729985097631,2388.983733884837,0.8085292084737211,3.528788796776995,7434.6804870019405,64.94587843463779,40630.488821174054,455.2994780821148,8.229063213308269,1.9897150731461875,1.94065376204086,1.8931853800652827,2.100921922256312,0.133683831404643,2387.6185942229476,0.3198765784701256,4.083010740732127,18552.16097572252,64.94587843463779,96412.84605094421,1110.3524464670693,12.676280083351491,1.982509669754385,1.9448012760607003,1.866224390830752,2.103744020484162,0.19333402430527233,2378.9618254469256,0.2154969960737792,4.716579966514079,22400.400449733756,64.94587843463779,139432.59499597456,1337.052184982128,15.244266408280335,1.9892122061385125,1.9616941635966705,1.8723987540157827,2.117691645509739,0.21580894853488955,2386.997395321686,-0.002135355606371,5.1521747662198205,23987.45825286438,64.94587843463779,155641.52158783667,1441.3814416966907,16.10597826832409,1.9856568420818697,1.9305138801227435,1.8760757820772944,2.1013592394366167,0.1559394185493317,2382.748182256981,-0.0031583621524726,4.055376392923894,21017.921890119134,64.94587843463779,112463.5866274873,1274.8440019358889,13.690847711000666,1.974004716559426,1.9284502236432153,1.8564576984416443,2.122858865289857,0.32764467500607986,2368.7525227172587,0.0010189729994783,5.711494577733395,29558.388584549783,64.94587843463779,236297.50343672227,1935.6256864614943,19.845129689536854,1.976389931339579,1.9268508000575195,1.8254990883432065,2.1197032982439925,0.2844065201663422,2371.6097885785093,-0.0023869450588943,5.047133184300156,29161.81881040618,64.94587843463779,205114.12454722615,1855.1772711533579,18.489371926741505,142,2
3,Fault,100,25,100,100,No,No,No,No,No,No,No,No,1.984785774442368,1.9557064954565129,1.8926340988880088,2.0622868287896314,0.08777062165950954,2381.7031050409673,0.4583061896411257,4.188850192630731,10091.96354017637,64.94587843463779,63300.216226149096,606.9482176113787,10.271336834945837,1.9801048173800393,1.9295481159226648,1.84389467442072,2.1007837865499552,0.19380900276714771,2376.0606369495363,0.006565094439523,5.003815329873369,25283.713024071545,64.94587843463779,139775.1497001683,1455.459466107848,15.262980797786971,1.9724172503696646,1.9352693176354288,1.8354920433405133,2.11105753436426,0.2749859526205923,2366.8206036909633,0.0100651755217034,5.505749822943345,29545.54318186037,64.94587843463779,198320.0065229475,1781.0834538607417,18.180576014112216,1.9807763688545148,1.927732608744377,1.81131940869511,2.125513228463059,0.30426174022471,2376.878509773466,0.00239006564296,5.617282245863612,31921.460030565097,64.94587843463779,219433.71918093093,1936.7160891166063,19.12388206671312,1.9787435146669579,1.9216088630613788,1.8349212493367848,2.1028953658145806,0.20498763919636165,2374.4269586730065,-0.0006876069807704,4.366891378633283,27945.211943241982,64.94587843463779,147837.18788223568,1639.5009007776496,15.69698420516054,1.960182921028043,1.926248418064452,1.810597113706108,2.136847371958732,0.38408064152358146,2352.1099643569078,-0.0071507217991093,5.688839513866357,36863.79910621772,64.94587843463779,276999.1507071277,2281.35871910616,21.486396886833916,1.9708607396996218,1.913553136658074,1.7794567447167975,2.139801276702322,0.39795323910733327,2365.033227511429,-0.0092868639688968,5.489057580970226,42046.965091230886,64.94587843463779,287004.0750208283,2501.094255074886,21.870988204347643,143,2
3,Fault,100,50,100,100,No,No,No,No,No,No,No,No,1.9851166062225176,1.955314069514959,1.8922475195812571,2.0628895766950595,0.08648976619622585,2382.099913793109,0.4554016291860986,4.185205341379529,9796.05554558535,64.94587843463779,62376.46262560118,588.8916391750952,10.196115487903647,1.9764899997864502,1.9328524452236413,1.844635932573968,2.11164593010178,0.20482614232759447,2371.720988049312,0.008735875226449,5.234903056922692,22930.062580951406,64.94587843463779,147720.71625973232,1434.4120101868045,15.690799653498242,1.9733191071573055,1.9305231371012015,1.8332426997852151,2.1157464837307822,0.28963396469886427,2367.9076977022073,0.0084759522515361,6.002027859516227,28721.06218697971,64.94587843463779,208884.16015780327,1749.5725611792545,18.658517275755653,1.9585284792144233,1.922177305943556,1.7990276344889076,2.1237949579886664,0.3348407017878166,2350.14464795588,-0.0006969862327564,5.740552128554598,31121.163743243662,64.94587843463779,241487.28154972423,1897.9821349208257,20.061874353680757,1.9799007945694571,1.9231722438467689,1.8320399010534216,2.100223920775512,0.20520912305016295,2375.815585562828,0.0004476046674765,4.24372552025216,27175.05746381515,64.94587843463779,147996.9221483391,1603.2222471011419,15.705462008928567,1.9598718604573626,1.913732036797236,1.805515767500424,2.151701773972614,0.40736035325992875,2351.7925818801846,-0.0136571105944708,5.645213124913267,36894.5782886113,64.94587843463779,293788.4904512373,2417.665381691247,22.12797966569464,1.9690138084820974,1.9217535019805905,1.7973985382456024,2.139635046077363,0.38440755758314804,2362.7770283942036,-0.0119661113519904,5.019907899962986,37808.032536381696,64.94587843463779,277234.9227327452,2311.264812206829,21.495539178038204,144,2
3,Fault,100,75,100,100,No,No,No,No,No,No,No,No,1.985147903666327,1.9556310304154223,1.891618756797876,2.065524388855468,0.08632128005993779,2382.1372487445988,0.4492314315920722,4.181454361754571,9882.75760807286,64.94587843463779,62254.95033986716,592.09897422852,10.186179390058143,1.978050887471038,1.9362966021648989,1.8446566547248784,2.110245313029933,0.2052974557658344,2373.595465941533,0.0099504523270515,5.289783660523463,23697.663057794496,64.94587843463779,148060.6277470477,1457.1498391255184,15.708841870480018,1.973129848395519,1.9308985445117433,1.832145324580157,2.1140004808553767,0.29118715787742533,2367.680626217012,0.0054835969771568,6.086498920406421,28833.791362653625,64.94587843463779,210004.32385477814,1751.3566173628071,18.708479532677963,1.9774500181784083,1.9255627513136728,1.8147135609984728,2.130883170113236,0.3562507048229199,2372.8389908376257,-0.007910857592073,5.81627624072943,30130.210818386215,64.94587843463779,256928.1864436423,2008.9871664007478,20.69332365940129,1.9797379150656844,1.922704760344193,1.8378901316095817,2.102711869222708,0.20694151468974392,2375.6198658623584,0.0003725498311932,4.3161574842017805,27450.057513278007,64.94587843463779,149246.32386500068,1617.4131053907738,15.77161605886773,1.9756286804684455,1.8725705747295125,1.75609932761779,2.234916859603068,0.45207229242103936,2370.6260136301107,-0.0029924871127481,5.62331606536391,37630.62758800286,64.94587843463779,326034.7633301998,2539.8234980854163,23.31075443260041,1.9683027754706846,1.90822838549631,1.7820307929222163,2.162213590041539,0.4019541268611389,2361.8138727573632,-0.0191039900022391,4.982294206619976,40087.01054633076,64.94587843463779,289889.5172693169,2392.415584687999,21.980655027747954,145,2
3,Fault,100,100,0,100,No,No,No,No,No,No,No,No,1.9911804100383976,1.962322984046169,1.9296798306729008,2.0578066508270334,0.05229805133964076,2389.387078165575,0.8534106142602332,3.5749843923381004,6534.063558030187,64.94587843463779,37717.3807751746,403.8416138988871,7.928574984948914,1.985398084567963,1.946001576314926,1.8812162610610468,2.093221219339116,0.15385257411201242,2382.4181262573993,0.1274536539547437,4.849059614606549,16927.226292659623,64.94587843463779,110958.55337587044,1055.9257790442743,13.598930924639532,1.9775361829861338,1.9487902675346411,1.8507102747347632,2.1109674283280744,0.2632927597040726,2372.9658495835674,0.0017595697820523,5.992338493834548,20412.196026893882,64.94587843463779,189886.86994495708,1401.30694152404,17.78983183099066,1.9830337988180733,1.938078312141072,1.852608017139037,2.1142351607628087,0.30629946481792863,2379.5536405342436,0.0065440355694863,5.763837723018312,22891.021700772635,64.94587843463779,220903.32717642258,1636.165622433018,19.187814152756022,1.9878674589873975,1.942031318829741,1.8899197746590408,2.0964933646837527,0.13560504608498974,2385.4037455014304,0.2274879817077846,3.5491656936949183,18749.943539819305,64.94587843463779,97798.42703901764,1149.921156856111,12.767042664546976,1.987676515796684,1.9620446158581275,1.8551893089966771,2.128017633875958,0.23227354579748125,2385.154394441256,-0.0038034044227812,4.6618759804449885,27039.34352924178,64.94587843463779,167515.79736591637,1642.4833682195233,16.709069262225846,1.9814686891951063,1.9549750659350011,1.831066299985904,2.1225391948042165,0.27604269261026054,2377.731353193145,-0.0030606192153536,4.327634635845365,27231.069582257576,64.94587843463779,199082.12793186627,1703.733578819313,18.215475468763103,146,3
3,Fault,100,100,25,100,No,No,No,No,No,No,No,No,1.984255863066848,1.9569807362893208,1.8923550024534896,2.0617602752542448,0.08389449537687181,2381.0654820073473,0.4570238077717423,4.120726070952827,9824.19764966941,64.94587843463779,60504.752013047655,588.4894134210726,10.041974574508712,1.9768925852742707,1.9326746163227873,1.8435483540970283,2.099272486370319,0.2083537665760245,2372.2038882394263,0.0107653166785261,5.449544536021346,23862.236141904912,64.94587843463779,150264.84063151223,1444.1207414682556,15.825340471930465,1.9732980215774096,1.938345414257764,1.83050079694025,2.1152267366791,0.3022719838585141,2367.882030628839,0.001759505806997,6.4072208390490974,28926.623790270653,64.94587843463779,217998.70589475232,1768.0645902578005,19.061248030788903,1.9876474830135595,1.9234139744185264,1.8012032498180135,2.140169110551794,0.39062718700334415,2385.0668437832433,-0.0010202930072686,6.004673334651794,36191.309941905696,64.94587843463779,281720.52258040535,2321.4428219162032,21.668737948959453,1.9814953490353033,1.921462723277552,1.8393566257131315,2.1029679329882915,0.2048640568663841,2377.7325729343866,0.0062346889816264,4.237838143395584,27050.006000650294,64.94587843463779,147748.06024406463,1595.3309564592857,15.692251816531655,1.9701043691775662,1.917762937030368,1.801090449401104,2.149559224268384,0.3791740570225575,2364.0125805645694,-0.0227419716541515,5.226309656950536,37284.518763646694,64.94587843463779,273460.519511697,2338.1356012359834,21.348712666563642,1.9715553738763574,1.9178767629642628,1.8111834230774817,2.131894552142428,0.35850071579139065,2365.7851322874076,0.0081857436840911,5.040324708495921,37247.92037086765,64.94587843463779,258550.89547910888,2285.613398494769,20.75856833049544,147,3
3,Fault,100,100,50,100,No,No,No,No,No,No,No,No,1.9847488995290414,1.9562339598774217,1.8913724743806712,2.064335562684763,0.08563888398371028,2381.6580118906327,0.4422572612285676,4.158924119278728,9821.809627337783,64.94587843463779,61762.80594849384,589.1043789268577,10.14583707311311,1.977936477730163,1.9349679460970768,1.8443277122111228,2.106960340782509,0.20457300580191032,2373.458051114065,0.010357582427785,5.360634638059587,23664.26412919571,64.94587843463779,147538.1540708406,1435.7304089158354,15.681100836720647,1.9733338059996552,1.9318766365878803,1.8333757340896777,2.116753334796032,0.2963038756124679,2367.925729243113,0.0017594638102859,6.213082113776589,28666.18084739095,64.94587843463779,213694.5032436497,1752.3100764361868,18.87213568746481,1.9786355442423793,1.9074260290587977,1.7860590395131275,2.166001884568804,0.3694825904734473,2374.2789777124913,-0.0010566342612454,5.912191748619134,33288.10357103131,64.94587843463779,266471.0289907454,2021.3516656706024,21.07411639075865,1.9795604094478976,1.9222924991483787,1.838242970737288,2.10171208311554,0.20695317095331658,2375.4072316139845,0.1144167505092418,4.270727247598691,27506.65670841106,64.94587843463779,149254.73036811742,1618.1093711139386,15.772060231525314,1.9948996748153387,1.924617643736921,1.8016515014950825,2.1525308798710032,0.3887126371292738,2393.785592882319,-0.0036699386418099,5.4318341988529255,39320.920981830604,64.94587843463779,280339.74825395085,2398.12306023884,21.615571094851617,1.9729366843443858,1.89937468380864,1.7760331244654,2.1708520785224694,0.37327790493088914,2367.481530760486,-0.0022098279200427,4.9545386420549,40250.706830080104,64.94587843463779,269208.21167510975,2308.29642982143,21.182076215325296,148,3
3,Fault,100,100,75,100,No,No,No,No,No,No,No,No,1.9848880207527366,1.95598443572798,1.89201135690706,2.06510019434426,0.08542624165701286,2381.8250277169736,0.4401467639811227,4.1617101990802015,9767.422062131305,64.94587843463779,61609.448196158504,586.1412250486543,10.13323312967111,1.9776818175696431,1.9360613357964769,1.8440568100714647,2.1006599991036894,0.2056080205886383,2373.1526618251555,0.0099437006697233,5.346171259089148,23463.36259543556,64.94587843463779,148284.60725253628,1435.1618306005773,15.720719197529116,1.9733480708893716,1.931035158233576,1.8330247240278257,2.1146143849249794,0.2955487197949009,2367.9435252949224,0.001468269805052,6.2493157945128095,28464.816362418464,64.94587843463779,213149.88449044246,1739.3897280889055,18.848071717925702,1.9688715059676192,1.9231585325655127,1.7848341846291385,2.1525383241572444,0.3583040187186245,2362.581046990931,-0.0031613947389554,5.851794506956728,32015.68924129301,64.94587843463779,258409.0374518814,1927.1553964745185,20.752872791169636,1.9786045509000851,1.921443099784209,1.8382260274090831,2.1013797570950272,0.2104218443274017,2374.2586195317117,-0.0025866136162128,4.269165554117668,26963.197132914782,64.94587843463779,151756.33933984427,1614.7118722908506,15.903686120930386,1.9755828067461814,1.9298013615669127,1.808532383624828,2.12957822246144,0.35775136051665724,2370.630016233631,-0.0039659129926698,5.53081286388452,37430.120381819805,64.94587843463779,258010.46008029344,2204.3691866033782,20.736861707287236,1.970106175816088,1.9122664414057264,1.7944610492929196,2.158493887806057,0.36085243536880085,2364.0244788577147,3.38635369214e-05,4.915453537990782,35538.58820015999,64.94587843463779,260246.9568141969,2161.839952853903,20.826543832898956,149,3
3,Fault,100,100,100,0,No,No,No,No,No,No,No,No,1.9909316721279458,1.9577831227689697,1.926017776522696,2.0542538344588697,0.05510126429570012,2389.086737625793,0.8468399230727751,3.7160289288287536,7244.704880446877,64.94587843463779,39739.059360691084,439.0687471621699,8.138290090747061,1.9836902969310282,1.9440371024641148,1.8822621712031231,2.093068796242157,0.14633126276364744,2380.366592305745,0.0298743279943845,4.601267543771304,17970.095561540755,64.94587843463779,105534.17987077394,1085.5624561194552,13.26236403453861,1.9802085017256739,1.938153999447629,1.8602576748309136,2.112969747508743,0.24816147360599836,2376.1818138331573,0.0017595165035295,5.599765882787916,21962.049016912733,64.94587843463779,178974.17884538285,1413.2178246913127,17.27108271289435,1.980686749253332,1.9440650759306,1.8486286300702377,2.1078122043571987,0.27683525315337176,2376.7508853763275,0.0790156464131979,5.6728052278832015,24544.80769669357,64.94587843463779,199653.7229918384,1575.5157982480964,18.24160642559743,1.988583867304634,1.9404291326777647,1.8921778329449368,2.1067599564085446,0.13883633404119758,2386.2560424114417,0.3962252389002751,3.840014589904533,20948.258923964542,64.94587843463779,100128.83352867873,1246.0768813494867,12.9182579790955,1.9857002536846051,1.9518388379589304,1.8591615934010424,2.118870665005807,0.2548250166459398,2382.7836271751294,-0.0028842197063185,4.618082965527687,29000.738632471584,64.94587843463779,183779.92941756017,1604.127127558703,17.501425152329745,1.987082274691093,1.953173451803756,1.8593165933250169,2.128610359671979,0.23966059796300057,2384.4546797832095,0.0859698706273355,5.137714786916637,29357.98809562806,64.94587843463779,172843.343081215,1766.431786235754,16.97269096132642,150,4
3,Fault,100,100,100,25,No,No,No,No,No,No,No,No,1.9854611901869692,1.9584849185195552,1.8909493013828904,2.0613454993742906,0.0810805683555098,2382.513712206618,0.4921980448063065,4.009299065644491,9009.76835265483,64.94587843463779,58475.34643827787,546.4577238334085,9.872127973768528,1.97889284449951,1.938865546132898,1.842888139519376,2.103084879259815,0.205209866567089,2374.6091279616085,0.0098245262778749,5.2802429110868125,22090.22179882482,64.94587843463779,147997.4583731179,1359.6395383486852,15.705490461041425,1.9737577990507045,1.9339529744527593,1.8337752110543728,2.109946510232349,0.30461514142877827,2368.4374506989725,0.0017594752005107,6.604208875478456,26621.70111674108,64.94587843463779,219688.59230600565,1675.6909288651127,19.134985075597598,1.9623661083390818,1.8629368278369347,1.712403635827194,2.234253846250935,0.41866262942177657,2354.949130147821,-0.0060645091449694,5.759672919277373,29829.936723339506,64.94587843463779,301939.6976703,1999.2278305355646,22.432851567522576,1.979456369247892,1.927874895566671,1.8379453637755807,2.100020878683357,0.2002222634877039,2375.281810410499,0.0331701352669456,4.091651184386041,25538.57613789647,64.94587843463779,144400.3965384638,1519.8631792934484,15.513456338421374,1.951994162971582,1.9037931448902177,1.779939052799355,2.1481114781137465,0.38610946814363,2342.2375033435187,-0.0175204558915229,5.664312875620355,32893.83521269182,64.94587843463779,278462.3414799201,2151.373611212693,21.543070868994825,1.9765484786368561,1.9169917243438688,1.806405706245904,2.132030913319337,0.3563628226366097,2371.7718755376654,0.0176426089274741,5.221255219690248,35498.959978542625,64.94587843463779,257009.04586693426,2189.3961361923193,20.696579663756612,151,4
3,Fault,100,100,100,50,No,No,No,No,No,No,No,No,1.9853782123284809,1.9560277635553032,1.8914449024261737,2.063841910306073,0.08291611647110698,2382.4139296569883,0.4611796144683397,4.075568614140011,9326.335629566936,64.94587843463779,59799.144657020595,562.3053340050217,9.983248023315575,1.9779433704510614,1.9405371696855327,1.8431828536598829,2.1037334610293548,0.2081737711607849,2373.4682551622564,0.0098457996901687,5.258804349433622,22483.14672926267,64.94587843463779,150135.02784804362,1403.4893061861005,15.818503292454885,1.9733994973675826,1.9351498424858375,1.834972335230039,2.1157057096882057,0.29976255725307493,2368.006905492128,0.0017167550257601,6.4882018932447805,27202.08934594006,64.94587843463779,216188.9061721963,1687.2987947764611,18.981961005658167,1.981134793409068,1.9178356456051744,1.7793324955361167,2.170361789652677,0.39366644509762794,2377.3004416659264,-0.0141195502236007,5.750827739314772,34434.99185034146,64.94587843463779,283912.43703763187,2079.5170995927115,21.75287096138622,1.9804011105984505,1.923506750487872,1.8359795326066393,2.1017648306707244,0.20403317733193135,2376.415878189463,0.1424852122535389,4.107696873463106,26487.026536068577,64.94587843463779,147148.8295083776,1566.67291577945,15.660397478372934,1.961925296069249,1.8614569932945948,1.7131383560798752,2.2483855443614225,0.4549440563954432,2354.1098166104894,-0.037278742533236,5.660817753622159,35070.69588872818,64.94587843463779,328105.8809444218,2494.093358010998,23.38467735307395,1.975793358266483,1.917246614810764,1.8048637066497708,2.1242636638001304,0.3680811798809066,2370.866103551889,0.0014722645652846,5.174529848535591,38677.097266775956,64.94587843463779,265460.33097069984,2296.8088148715033,21.034112411774508,152,4
3,Fault,100,100,100,75,No,No,No,No,No,No,No,No,1.9850796223567675,1.956283133833218,1.8917973107180688,2.065486516650412,0.08478902530284006,2382.0553087907024,0.4488001597536748,4.115485166421978,9627.573375818678,64.94587843463779,61149.88744292092,579.0316307525322,10.095369189461813,1.977529954998008,1.9364463904662217,1.8443681639019815,2.107974052093063,0.20585371205031466,2372.9708490908088,0.0098772487243306,5.260077049411851,23207.297518301726,64.94587843463779,148461.800057543,1426.9867488298596,15.730109135960829,1.9735214450123177,1.934781409717497,1.83508440067103,2.1156765520100422,0.2963790688451658,2368.1523736866993,0.0013732236481364,6.321323461375238,28020.973459870227,64.94587843463779,213748.732640668,1721.9440994417482,18.874530132812488,1.978330776665291,1.915095815553568,1.7767073011071737,2.172803299239192,0.39180750663356934,2373.778376450108,-0.0119897093418791,5.815272036421109,34277.85240733057,64.94587843463779,282571.76968788356,2093.8388421950635,21.701450400371996,1.9797809895882164,1.920625698005396,1.8302688920354289,2.099341473644624,0.20819846400124828,2375.6712750922147,0.0237583693285219,4.220567606562911,27263.751763918728,64.94587843463779,150152.83633693232,1609.481154106968,15.819441432244709,1.962502826026106,1.8867522612895953,1.7413698015324697,2.210837543464983,0.4668957666605849,2354.8045428256355,-0.0053029552271819,5.651998549039726,36566.929449535506,64.94587843463779,336725.4603634972,2375.106549777644,23.689852270662826,1.9667780037974805,1.9322158209824205,1.8018909383391248,2.1528109546454868,0.3717395512144968,2360.0243397921317,-0.0001115915678217,5.044156707071009,32431.633872509487,64.94587843463779,268098.7502056707,2195.746408024832,21.138383342696397,153,4
